-- phpMyAdmin SQL Dump
-- version 4.8.5
-- https://www.phpmyadmin.net/
--
-- Host: 127.0.0.1
-- Generation Time: Oct 24, 2019 at 10:27 PM
-- Server version: 10.1.38-MariaDB
-- PHP Version: 7.3.2

SET SQL_MODE = "NO_AUTO_VALUE_ON_ZERO";
SET AUTOCOMMIT = 0;
START TRANSACTION;
SET time_zone = "+00:00";


/*!40101 SET @OLD_CHARACTER_SET_CLIENT=@@CHARACTER_SET_CLIENT */;
/*!40101 SET @OLD_CHARACTER_SET_RESULTS=@@CHARACTER_SET_RESULTS */;
/*!40101 SET @OLD_COLLATION_CONNECTION=@@COLLATION_CONNECTION */;
/*!40101 SET NAMES utf8mb4 */;

--
-- Database: `zomato`
--

-- --------------------------------------------------------

--
-- Table structure for table `delivery_boys`
--

CREATE TABLE `delivery_boys` (
  `id` int(11) NOT NULL,
  `full_name` varchar(100) NOT NULL,
  `mobile_no` varchar(10) NOT NULL
) ENGINE=InnoDB DEFAULT CHARSET=latin1;

--
-- Dumping data for table `delivery_boys`
--

INSERT INTO `delivery_boys` (`id`, `full_name`, `mobile_no`) VALUES
(1, 'Delivery Boy One', '9876543210'),
(2, 'Delivery Boy Two', '9123456789'),
(3, 'Delivery Boy Three', '7876543210'),
(4, 'Delivery Boy Four', '8123456789'),
(5, 'Delivery Boy Five', '9554583210'),
(6, 'Delivery Boy Six', '9123458795'),
(7, 'Delivery Boy Seven', '9878897510'),
(8, 'Delivery Boy Eight', '8439807211'),
(9, 'Delivery Boy Nine', '8876543210'),
(10, 'Delivery Boy Ten', '7823456789'),
(11, 'Delivery Boy Eleven', '8476543218'),
(12, 'Delivery Boy Twelve', '9423456722');

-- --------------------------------------------------------

--
-- Table structure for table `orders`
--

CREATE TABLE `orders` (
  `id` int(11) NOT NULL,
  `user_id` int(11) NOT NULL,
  `restaurant_id` int(11) NOT NULL,
  `delivery_boy_id` int(11) NOT NULL,
  `order_date_time` datetime NOT NULL,
  `order_dispatched_date_time` datetime NOT NULL,
  `order_received_date_time` datetime NOT NULL,
  `delivery_address` text NOT NULL,
  `delivery_boy_rating` tinyint(4) NOT NULL
) ENGINE=InnoDB DEFAULT CHARSET=latin1;

--
-- Dumping data for table `orders`
--

INSERT INTO `orders` (`id`, `user_id`, `restaurant_id`, `delivery_boy_id`, `order_date_time`, `order_dispatched_date_time`, `order_received_date_time`, `delivery_address`, `delivery_boy_rating`) VALUES
(1, 1, 1, 1, '2019-10-23 05:23:41', '2019-10-23 06:23:41', '2019-10-23 07:13:41', 'Delivery Address 1', 4),
(2, 1, 1, 2, '2019-10-24 02:23:41', '2019-10-24 03:23:41', '2019-10-24 04:23:41', 'Delivery Address 1', 3),
(3, 1, 2, 1, '2019-10-25 16:23:41', '2019-10-25 16:43:41', '2019-10-25 17:03:41', 'Delivery Address 1', 4),
(4, 1, 2, 1, '2019-10-31 16:23:41', '2019-10-31 18:23:41', '2019-10-31 18:53:41', 'Delivery Address 1', 5),
(5, 2, 1, 1, '2019-10-23 11:23:41', '2019-10-23 11:53:41', '2019-10-23 12:43:41', 'Delivery Address 1', 4),
(6, 2, 1, 2, '2019-10-26 05:23:41', '2019-10-26 05:48:41', '2019-10-26 06:13:41', 'Delivery Address 1', 1),
(7, 2, 2, 2, '2019-10-26 05:23:41', '2019-10-26 06:05:41', '2019-10-26 06:55:41', 'Delivery Address 1', 4),
(8, 1, 1, 2, '2019-10-31 05:23:41', '2019-10-31 05:33:41', '2019-10-31 05:49:41', 'Delivery Address 1', 1),
(9, 1, 1, 1, '2019-10-25 12:23:41', '2019-10-25 14:23:41', '2019-10-25 14:43:41', 'Delivery Address 1', 4),
(10, 1, 2, 2, '2019-11-25 12:23:41', '2019-11-25 06:23:41', '2019-11-25 06:58:41', 'Delivery Address 1', 1),
(11, 1, 1, 1, '2019-10-23 05:23:41', '2019-10-23 06:23:41', '2019-10-23 07:13:41', 'Delivery Address 1', 4),
(12, 1, 1, 2, '2019-10-24 02:23:41', '2019-10-24 03:23:41', '2019-10-24 04:23:41', 'Delivery Address 1', 3),
(13, 1, 2, 1, '2019-10-25 16:23:41', '2019-10-25 16:43:41', '2019-10-25 17:03:41', 'Delivery Address 1', 4),
(14, 1, 2, 1, '2019-10-31 16:23:41', '2019-10-31 18:23:41', '2019-10-31 18:53:41', 'Delivery Address 1', 5),
(15, 2, 1, 1, '2019-10-23 11:23:41', '2019-10-23 11:53:41', '2019-10-23 12:43:41', 'Delivery Address 1', 4),
(16, 2, 1, 2, '2019-10-26 05:23:41', '2019-10-26 05:48:41', '2019-10-26 06:13:41', 'Delivery Address 1', 1),
(17, 2, 2, 2, '2019-10-26 05:23:41', '2019-10-26 06:05:41', '2019-10-26 06:55:41', 'Delivery Address 1', 4),
(18, 1, 1, 2, '2019-10-31 05:23:41', '2019-10-31 05:33:41', '2019-10-31 05:49:41', 'Delivery Address 1', 1),
(19, 2, 1, 1, '2019-10-25 12:23:41', '2019-10-25 14:23:41', '2019-10-25 14:43:41', 'Delivery Address 1', 4),
(20, 2, 2, 2, '2019-11-25 12:23:41', '2019-11-25 06:23:41', '2019-11-25 06:58:41', 'Delivery Address 1', 1),
(21, 15, 4, 2, '2019-10-23 05:23:41', '2019-10-23 06:23:41', '2019-10-23 07:13:41', 'Delivery Address 1', 5),
(22, 14, 5, 7, '2019-10-24 02:23:41', '2019-10-24 03:23:41', '2019-10-24 04:23:41', 'Delivery Address 1', 5),
(23, 15, 4, 8, '2019-10-25 16:23:41', '2019-10-25 16:43:41', '2019-10-25 17:03:41', 'Delivery Address 1', 4),
(24, 13, 3, 6, '2019-10-31 16:23:41', '2019-10-31 18:23:41', '2019-10-31 18:53:41', 'Delivery Address 1', 5),
(25, 2, 1, 5, '2019-10-23 11:23:41', '2019-10-23 11:53:41', '2019-10-23 12:43:41', 'Delivery Address 1', 5),
(26, 2, 2, 4, '2019-10-26 05:23:41', '2019-10-26 05:48:41', '2019-10-26 06:13:41', 'Delivery Address 1', 3),
(27, 3, 5, 3, '2019-10-26 05:23:41', '2019-10-26 06:05:41', '2019-10-26 06:55:41', 'Delivery Address 1', 4),
(28, 3, 4, 3, '2019-10-31 05:23:41', '2019-10-31 05:33:41', '2019-10-31 05:49:41', 'Delivery Address 1', 2),
(29, 3, 3, 4, '2019-10-25 12:23:41', '2019-10-25 14:23:41', '2019-10-25 14:43:41', 'Delivery Address 1', 4),
(30, 4, 4, 7, '2019-11-25 12:23:41', '2019-11-25 06:23:41', '2019-11-25 06:58:41', 'Delivery Address 1', 1),
(31, 6, 4, 8, '2019-10-23 05:23:41', '2019-10-23 06:23:41', '2019-10-23 07:13:41', 'Delivery Address 1', 4),
(32, 7, 4, 7, '2019-10-24 02:23:41', '2019-10-24 03:23:41', '2019-10-24 04:23:41', 'Delivery Address 1', 5),
(33, 8, 4, 5, '2019-10-25 16:23:41', '2019-10-25 16:43:41', '2019-10-25 17:03:41', 'Delivery Address 1', 4),
(34, 9, 4, 7, '2019-10-31 16:23:41', '2019-10-31 18:23:41', '2019-10-31 18:53:41', 'Delivery Address 1', 5),
(35, 12, 4, 1, '2019-10-23 11:23:41', '2019-10-23 11:53:41', '2019-10-23 12:43:41', 'Delivery Address 1', 4),
(36, 10, 4, 2, '2019-10-26 05:23:41', '2019-10-26 05:48:41', '2019-10-26 06:13:41', 'Delivery Address 1', 3),
(37, 6, 4, 2, '2019-10-26 05:23:41', '2019-10-26 06:05:41', '2019-10-26 06:55:41', 'Delivery Address 1', 4),
(38, 5, 3, 2, '2019-10-31 05:23:41', '2019-10-31 05:33:41', '2019-10-31 05:49:41', 'Delivery Address 1', 2),
(39, 11, 3, 1, '2019-10-25 12:23:41', '2019-10-25 14:23:41', '2019-10-25 14:43:41', 'Delivery Address 1', 4),
(40, 13, 3, 2, '2019-11-25 12:23:41', '2019-11-25 06:23:41', '2019-11-25 06:58:41', 'Delivery Address 1', 1),
(41, 3, 3, 1, '2019-10-23 05:23:41', '2019-10-23 06:23:41', '2019-10-23 07:13:41', 'Delivery Address 1', 4),
(42, 13, 3, 2, '2019-10-24 02:23:41', '2019-10-24 03:23:41', '2019-10-24 04:23:41', 'Delivery Address 1', 3),
(43, 3, 3, 1, '2019-10-25 16:23:41', '2019-10-25 16:43:41', '2019-10-25 17:03:41', 'Delivery Address 1', 4),
(44, 13, 5, 1, '2019-10-31 16:23:41', '2019-10-31 18:23:41', '2019-10-31 18:53:41', 'Delivery Address 1', 5),
(45, 1, 5, 1, '2019-10-23 11:23:41', '2019-10-23 11:53:41', '2019-10-23 12:43:41', 'Delivery Address 1', 4),
(46, 3, 5, 2, '2019-10-26 05:23:41', '2019-10-26 05:48:41', '2019-10-26 06:13:41', 'Delivery Address 1', 5),
(47, 13, 5, 2, '2019-10-26 05:23:41', '2019-10-26 06:05:41', '2019-10-26 06:55:41', 'Delivery Address 1', 4),
(48, 13, 5, 7, '2019-10-31 05:23:41', '2019-10-31 05:33:41', '2019-10-31 05:49:41', 'Delivery Address 1', 5),
(49, 13, 3, 7, '2019-10-25 12:23:41', '2019-10-25 14:23:41', '2019-10-25 14:43:41', 'Delivery Address 1', 4),
(50, 1, 4, 7, '2019-11-25 12:23:41', '2019-11-25 06:23:41', '2019-11-25 06:58:41', 'Delivery Address 1', 1),
(51, 1, 4, 2, '2019-10-23 05:23:41', '2019-10-23 06:23:41', '2019-10-23 07:13:41', 'Delivery Address 1', 5),
(52, 1, 5, 7, '2019-10-24 02:23:41', '2019-10-24 03:23:41', '2019-10-24 04:23:41', 'Delivery Address 1', 5),
(53, 1, 4, 8, '2019-10-25 16:23:41', '2019-10-25 16:43:41', '2019-10-25 17:03:41', 'Delivery Address 1', 4),
(54, 1, 3, 6, '2019-10-31 16:23:41', '2019-10-31 18:23:41', '2019-10-31 18:53:41', 'Delivery Address 1', 5),
(55, 2, 1, 5, '2019-10-23 11:23:41', '2019-10-23 11:53:41', '2019-10-23 12:43:41', 'Delivery Address 1', 5),
(56, 2, 2, 4, '2019-10-26 05:23:41', '2019-10-26 05:48:41', '2019-10-26 06:13:41', 'Delivery Address 1', 3),
(57, 5, 5, 3, '2019-10-26 05:23:41', '2019-10-26 06:05:41', '2019-10-26 06:55:41', 'Delivery Address 1', 4),
(58, 2, 4, 3, '2019-10-31 05:23:41', '2019-10-31 05:33:41', '2019-10-31 05:49:41', 'Delivery Address 1', 2),
(59, 3, 3, 4, '2019-10-25 12:23:41', '2019-10-25 14:23:41', '2019-10-25 14:43:41', 'Delivery Address 1', 4),
(60, 2, 4, 7, '2019-11-25 12:23:41', '2019-11-25 06:23:41', '2019-11-25 06:58:41', 'Delivery Address 1', 1),
(61, 2, 4, 8, '2019-10-23 05:23:41', '2019-10-23 06:23:41', '2019-10-23 07:13:41', 'Delivery Address 1', 4),
(62, 2, 4, 7, '2019-10-24 02:23:41', '2019-10-24 03:23:41', '2019-10-24 04:23:41', 'Delivery Address 1', 5),
(63, 8, 4, 5, '2019-10-25 16:23:41', '2019-10-25 16:43:41', '2019-10-25 17:03:41', 'Delivery Address 1', 4),
(64, 9, 4, 7, '2019-10-31 16:23:41', '2019-10-31 18:23:41', '2019-10-31 18:53:41', 'Delivery Address 1', 5),
(65, 12, 4, 1, '2019-10-23 11:23:41', '2019-10-23 11:53:41', '2019-10-23 12:43:41', 'Delivery Address 1', 4),
(66, 10, 4, 2, '2019-10-26 05:23:41', '2019-10-26 05:48:41', '2019-10-26 06:13:41', 'Delivery Address 1', 3),
(67, 6, 4, 2, '2019-10-26 05:23:41', '2019-10-26 06:05:41', '2019-10-26 06:55:41', 'Delivery Address 1', 4),
(68, 5, 3, 2, '2019-10-31 05:23:41', '2019-10-31 05:33:41', '2019-10-31 05:49:41', 'Delivery Address 1', 2),
(69, 11, 3, 1, '2019-10-25 12:23:41', '2019-10-25 14:23:41', '2019-10-25 14:43:41', 'Delivery Address 1', 4),
(70, 1, 3, 2, '2019-11-25 12:23:41', '2019-11-25 06:23:41', '2019-11-25 06:58:41', 'Delivery Address 1', 1),
(71, 1, 3, 1, '2019-10-23 05:23:41', '2019-10-23 06:23:41', '2019-10-23 07:13:41', 'Delivery Address 1', 4),
(72, 1, 3, 2, '2019-10-24 02:23:41', '2019-10-24 03:23:41', '2019-10-24 04:23:41', 'Delivery Address 1', 3),
(73, 1, 3, 1, '2019-10-25 16:23:41', '2019-10-25 16:43:41', '2019-10-25 17:03:41', 'Delivery Address 1', 4),
(74, 1, 5, 1, '2019-10-31 16:23:41', '2019-10-31 18:23:41', '2019-10-31 18:53:41', 'Delivery Address 1', 5),
(75, 1, 5, 1, '2019-10-23 11:23:41', '2019-10-23 11:53:41', '2019-10-23 12:43:41', 'Delivery Address 1', 4),
(76, 1, 5, 2, '2019-10-26 05:23:41', '2019-10-26 05:48:41', '2019-10-26 06:13:41', 'Delivery Address 1', 5),
(77, 1, 5, 2, '2019-10-26 05:23:41', '2019-10-26 06:05:41', '2019-10-26 06:55:41', 'Delivery Address 1', 4),
(78, 1, 5, 7, '2019-10-31 05:23:41', '2019-10-31 05:33:41', '2019-10-31 05:49:41', 'Delivery Address 1', 5),
(79, 1, 3, 7, '2019-10-25 12:23:41', '2019-10-25 14:23:41', '2019-10-25 14:43:41', 'Delivery Address 1', 4),
(80, 1, 4, 7, '2019-11-25 12:23:41', '2019-11-25 06:23:41', '2019-11-25 06:58:41', 'Delivery Address 1', 1),
(81, 7, 4, 7, '2019-10-23 05:23:41', '2019-10-23 06:23:41', '2019-10-23 07:13:41', 'Delivery Address 1', 4),
(82, 8, 4, 7, '2019-10-24 02:23:41', '2019-10-24 03:23:41', '2019-10-24 04:23:41', 'Delivery Address 1', 5),
(83, 13, 4, 7, '2019-10-25 16:23:41', '2019-10-25 16:43:41', '2019-10-25 17:03:41', 'Delivery Address 1', 4),
(84, 15, 4, 7, '2019-10-31 16:23:41', '2019-10-31 18:23:41', '2019-10-31 18:53:41', 'Delivery Address 1', 5),
(85, 13, 5, 7, '2019-10-23 11:23:41', '2019-10-23 11:53:41', '2019-10-23 12:43:41', 'Delivery Address 1', 4),
(86, 7, 5, 6, '2019-10-26 05:23:41', '2019-10-26 05:48:41', '2019-10-26 06:13:41', 'Delivery Address 1', 5),
(87, 8, 5, 6, '2019-10-26 05:23:41', '2019-10-26 06:05:41', '2019-10-26 06:55:41', 'Delivery Address 1', 4),
(88, 13, 4, 6, '2019-10-31 05:23:41', '2019-10-31 05:33:41', '2019-10-31 05:49:41', 'Delivery Address 1', 1),
(89, 13, 5, 8, '2019-10-25 12:23:41', '2019-10-25 14:23:41', '2019-10-25 14:43:41', 'Delivery Address 1', 4),
(90, 12, 4, 8, '2019-11-25 12:23:41', '2019-11-25 06:23:41', '2019-11-25 06:58:41', 'Delivery Address 1', 5),
(91, 11, 4, 5, '2019-10-23 05:23:41', '2019-10-23 06:23:41', '2019-10-23 07:13:41', 'Delivery Address 1', 4),
(92, 11, 5, 7, '2019-10-24 02:23:41', '2019-10-24 03:23:41', '2019-10-24 04:23:41', 'Delivery Address 1', 3),
(93, 11, 5, 3, '2019-10-25 16:23:41', '2019-10-25 16:43:41', '2019-10-25 17:03:41', 'Delivery Address 1', 4),
(94, 11, 5, 7, '2019-10-31 16:23:41', '2019-10-31 18:23:41', '2019-10-31 18:53:41', 'Delivery Address 1', 5),
(95, 12, 5, 7, '2019-10-23 11:23:41', '2019-10-23 11:53:41', '2019-10-23 12:43:41', 'Delivery Address 1', 4),
(96, 7, 4, 7, '2019-10-26 05:23:41', '2019-10-26 05:48:41', '2019-10-26 06:13:41', 'Delivery Address 1', 1),
(97, 7, 5, 4, '2019-10-26 05:23:41', '2019-10-26 06:05:41', '2019-10-26 06:55:41', 'Delivery Address 1', 4),
(98, 7, 5, 7, '2019-10-31 05:23:41', '2019-10-31 05:33:41', '2019-10-31 05:49:41', 'Delivery Address 1', 1),
(99, 7, 4, 8, '2019-10-25 12:23:41', '2019-10-25 14:23:41', '2019-10-25 14:43:41', 'Delivery Address 1', 2),
(100, 11, 5, 7, '2019-11-25 12:23:41', '2019-11-25 06:23:41', '2019-11-25 06:58:41', 'Delivery Address 1', 1),
(101, 11, 4, 7, '2019-10-23 05:23:41', '2019-10-23 06:23:41', '2019-10-23 07:13:41', 'Delivery Address 1', 4),
(102, 12, 4, 7, '2019-10-24 02:23:41', '2019-10-24 03:23:41', '2019-10-24 04:23:41', 'Delivery Address 1', 3),
(103, 7, 4, 3, '2019-10-25 16:23:41', '2019-10-25 16:43:41', '2019-10-25 17:03:41', 'Delivery Address 1', 4),
(104, 2, 4, 3, '2019-10-31 16:23:41', '2019-10-31 18:23:41', '2019-10-31 18:53:41', 'Delivery Address 1', 5),
(105, 7, 4, 5, '2019-10-23 11:23:41', '2019-10-23 11:53:41', '2019-10-23 12:43:41', 'Delivery Address 1', 4),
(106, 8, 5, 7, '2019-10-26 05:23:41', '2019-10-26 05:48:41', '2019-10-26 06:13:41', 'Delivery Address 1', 1),
(107, 12, 5, 8, '2019-10-26 05:23:41', '2019-10-26 06:05:41', '2019-10-26 06:55:41', 'Delivery Address 1', 4),
(108, 12, 5, 8, '2019-10-31 05:23:41', '2019-10-31 05:33:41', '2019-10-31 05:49:41', 'Delivery Address 1', 1),
(109, 12, 5, 7, '2019-10-25 12:23:41', '2019-10-25 14:23:41', '2019-10-25 14:43:41', 'Delivery Address 1', 4),
(110, 11, 1, 3, '2019-10-25 12:23:41', '2019-10-25 14:23:41', '2019-10-25 14:43:41', 'Delivery Address 1', 4),
(111, 12, 2, 7, '2019-11-25 12:23:41', '2019-11-25 06:23:41', '2019-11-25 06:58:41', 'Delivery Address 1', 5),
(112, 1, 5, 9, '2019-10-23 05:23:41', '2019-10-23 06:23:41', '2019-10-23 07:13:41', 'Delivery Address 1', 4),
(113, 1, 4, 9, '2019-10-24 02:23:41', '2019-10-24 03:23:41', '2019-10-24 04:23:41', 'Delivery Address 1', 5),
(114, 1, 2, 10, '2019-10-25 16:23:41', '2019-10-25 16:43:41', '2019-10-25 17:03:41', 'Delivery Address 1', 3),
(115, 1, 2, 11, '2019-10-31 16:23:41', '2019-10-31 18:23:41', '2019-10-31 18:53:41', 'Delivery Address 1', 5),
(116, 2, 3, 12, '2019-10-23 11:23:41', '2019-10-23 11:53:41', '2019-10-23 12:43:41', 'Delivery Address 1', 4),
(117, 2, 3, 12, '2019-10-26 05:23:41', '2019-10-26 05:48:41', '2019-10-26 06:13:41', 'Delivery Address 1', 5),
(118, 2, 2, 12, '2019-10-26 05:23:41', '2019-10-26 06:05:41', '2019-10-26 06:55:41', 'Delivery Address 1', 5),
(119, 1, 3, 12, '2019-10-31 05:23:41', '2019-10-31 05:33:41', '2019-10-31 05:49:41', 'Delivery Address 1', 5),
(120, 2, 1, 12, '2019-10-25 12:23:41', '2019-10-25 14:23:41', '2019-10-25 14:43:41', 'Delivery Address 1', 5),
(121, 2, 2, 12, '2019-11-25 12:23:41', '2019-11-25 06:23:41', '2019-11-25 06:58:41', 'Delivery Address 1', 5);

-- --------------------------------------------------------

--
-- Table structure for table `restaurants`
--

CREATE TABLE `restaurants` (
  `id` int(11) NOT NULL,
  `name` varchar(200) NOT NULL,
  `address` text NOT NULL
) ENGINE=InnoDB DEFAULT CHARSET=latin1;

--
-- Dumping data for table `restaurants`
--

INSERT INTO `restaurants` (`id`, `name`, `address`) VALUES
(1, 'Restaurant One', 'Restaurant One Complete Address'),
(2, 'Restaurant Two', 'Restaurant Two Complete Address'),
(3, 'Restaurant Three', 'Restaurant Three Complete Address'),
(4, 'Restaurant Four', 'Restaurant Four Complete Address'),
(5, 'Restaurant Five', 'Restaurant Five Complete Address');

-- --------------------------------------------------------

--
-- Table structure for table `users`
--

CREATE TABLE `users` (
  `id` int(11) NOT NULL,
  `name` varchar(100) NOT NULL,
  `mobile_no` varchar(10) NOT NULL
) ENGINE=InnoDB DEFAULT CHARSET=latin1;

--
-- Dumping data for table `users`
--

INSERT INTO `users` (`id`, `name`, `mobile_no`) VALUES
(1, 'User One', '9177456789'),
(2, 'User Two', '8876543210'),
(3, 'User three', '7123456789'),
(4, 'User four', '8776543210'),
(5, 'User Five', '8264958745'),
(6, 'User Six', '8578982547'),
(7, 'User Seven', '8854796302'),
(8, 'User Eight', '7845963021'),
(9, 'User Nine', '9485666150'),
(10, 'User Ten', '8439807211'),
(11, 'User Eleven', '8945617230'),
(12, 'User Twelve', '9987456310'),
(13, 'User Thirteen', '8974650123'),
(14, 'User Fourteen', '8745693210'),
(15, 'User fifteen', '9874563210');

--
-- Indexes for dumped tables
--

--
-- Indexes for table `delivery_boys`
--
ALTER TABLE `delivery_boys`
  ADD PRIMARY KEY (`id`);

--
-- Indexes for table `orders`
--
ALTER TABLE `orders`
  ADD PRIMARY KEY (`id`);

--
-- Indexes for table `restaurants`
--
ALTER TABLE `restaurants`
  ADD PRIMARY KEY (`id`);

--
-- Indexes for table `users`
--
ALTER TABLE `users`
  ADD PRIMARY KEY (`id`);

--
-- AUTO_INCREMENT for dumped tables
--

--
-- AUTO_INCREMENT for table `delivery_boys`
--
ALTER TABLE `delivery_boys`
  MODIFY `id` int(11) NOT NULL AUTO_INCREMENT, AUTO_INCREMENT=13;

--
-- AUTO_INCREMENT for table `orders`
--
ALTER TABLE `orders`
  MODIFY `id` int(11) NOT NULL AUTO_INCREMENT, AUTO_INCREMENT=122;

--
-- AUTO_INCREMENT for table `restaurants`
--
ALTER TABLE `restaurants`
  MODIFY `id` int(11) NOT NULL AUTO_INCREMENT, AUTO_INCREMENT=6;

--
-- AUTO_INCREMENT for table `users`
--
ALTER TABLE `users`
  MODIFY `id` int(11) NOT NULL AUTO_INCREMENT, AUTO_INCREMENT=16;
COMMIT;

/*!40101 SET CHARACTER_SET_CLIENT=@OLD_CHARACTER_SET_CLIENT */;
/*!40101 SET CHARACTER_SET_RESULTS=@OLD_CHARACTER_SET_RESULTS */;
/*!40101 SET COLLATION_CONNECTION=@OLD_COLLATION_CONNECTION */;
